id,name,model_id:id,group_id:id,perm_read,perm_write,perm_create,perm_unlink
access_monthly_attendance_report_line,access_monthly_attendance_report_line,model_monthly_attendance_report_line,base.group_user,1,1,1,1

monthly_attendance_report.access_attendance_correction,access_attendance_correction,monthly_attendance_report.model_temp_attendance_correction,hr_attendance.group_hr_attendance_own_reader,1,0,0,0
monthly_attendance_report_admin.access_attendance_correction,access_attendance_correction_admin,monthly_attendance_report.model_temp_attendance_correction,hr_attendance.group_hr_attendance_manager,1,1,1,1

monthly_attendance_report.access_attendance_check_wizard,access_attendance_check_wizard,monthly_attendance_report.model_attendance_check_wizard,hr_attendance.group_hr_attendance_manager,1,1,1,1
