<?xml version="1.0" encoding="utf-8"?>
<odoo>
    <!-- Enhanced Security Rules -->

    <!-- Rule 1: Normal Users - Only their own records -->
    <record id="attendance_correction_user_own_rule" model="ir.rule">
        <field name="name">Attendance Correction: User Own Records Only</field>
        <field name="model_id" ref="model_temp_attendance_correction"/>
        <field name="domain_force">[('employee_id.user_id', '=', user.id)]</field>
        <field name="groups" eval="[(4, ref('hr_attendance.group_hr_attendance_own_reader'))]"/>
        <field name="perm_read" eval="True"/>
        <field name="perm_write" eval="False"/>
        <field name="perm_create" eval="False"/>
        <field name="perm_unlink" eval="False"/>
    </record>

    <!-- Rule 2: Department Managers - See their department records (if you have this group) -->
<!--    <record id="attendance_correction_dept_manager_rule" model="ir.rule">-->
<!--        <field name="name">Attendance Correction: Department Manager Records</field>-->
<!--        <field name="model_id" ref="model_temp_attendance_correction"/>-->
<!--        <field name="domain_force">['|', ('employee_id.user_id', '=', user.id), ('employee_id.department_id.manager_id.user_id', '=', user.id)]</field>-->
<!--        <field name="groups" eval="[(4, ref('hr.group_hr_user'))]"/>-->
<!--        <field name="perm_read" eval="True"/>-->
<!--        <field name="perm_write" eval="True"/>-->
<!--        <field name="perm_create" eval="False"/>-->
<!--        <field name="perm_unlink" eval="False"/>-->
<!--    </record>-->

    <!-- Rule 3: Attendance Managers - All records -->
    <record id="attendance_correction_attendance_manager_rule" model="ir.rule">
        <field name="name">Attendance Correction: Attendance Manager All Records</field>
        <field name="model_id" ref="model_temp_attendance_correction"/>
        <field name="domain_force">[(1, '=', 1)]</field>
        <field name="groups" eval="[(4, ref('hr_attendance.group_hr_attendance_manager'))]"/>
        <field name="perm_read" eval="True"/>
        <field name="perm_write" eval="True"/>
        <field name="perm_create" eval="True"/>
        <field name="perm_unlink" eval="True"/>
    </record>

    <!-- Rule 4: HR Managers - All records -->
<!--    <record id="attendance_correction_hr_manager_all_rule" model="ir.rule">-->
<!--        <field name="name">Attendance Correction: HR Manager All Records</field>-->
<!--        <field name="model_id" ref="model_temp_attendance_correction"/>-->
<!--        <field name="domain_force">[(1, '=', 1)]</field>-->
<!--        <field name="groups" eval="[(4, ref('hr.group_hr_manager'))]"/>-->
<!--        <field name="perm_read" eval="True"/>-->
<!--        <field name="perm_write" eval="True"/>-->
<!--        <field name="perm_create" eval="True"/>-->
<!--        <field name="perm_unlink" eval="True"/>-->
<!--    </record>-->

    <!-- Rule 5: System Administrators - All records with full access -->
<!--    <record id="attendance_correction_system_admin_rule" model="ir.rule">-->
<!--        <field name="name">Attendance Correction: System Admin All Records</field>-->
<!--        <field name="model_id" ref="model_temp_attendance_correction"/>-->
<!--        <field name="domain_force">[(1, '=', 1)]</field>-->
<!--        <field name="groups" eval="[(4, ref('base.group_system'))]"/>-->
<!--        <field name="perm_read" eval="True"/>-->
<!--        <field name="perm_write" eval="True"/>-->
<!--        <field name="perm_create" eval="True"/>-->
<!--        <field name="perm_unlink" eval="True"/>-->
<!--    </record>-->
</odoo>