id,name,model_id:id,group_id:id,perm_read,perm_write,perm_create,perm_unlink
access_spreadsheet_spreadsheet,access_spreadsheet_spreadsheet,model_spreadsheet_spreadsheet,group_user,1,1,1,1
access_spreadsheet_oca_revision,access_spreadsheet_oca_revision,model_spreadsheet_oca_revision,base.group_user,1,1,1,1
spreadsheet_oca.access_spreadsheet_spreadsheet_import,access_spreadsheet_spreadsheet_import,spreadsheet_oca.model_spreadsheet_spreadsheet_import,base.group_user,1,1,1,1
access_spreadsheet_import_mode,access_spreadsheet_oca_revision,model_spreadsheet_spreadsheet_import_mode,base.group_user,1,0,0,0
access_spreadsheet_select_row_number,access_spreadsheet_select_row_number,model_spreadsheet_select_row_number,base.group_user,1,1,1,1
