id,name,model_id:id,group_id:id,perm_read,perm_write,perm_create,perm_unlink
access_fsm_size_fsm_user,fsm.size.user,model_fsm_size,fieldservice.group_fsm_user,1,0,0,0
access_fsm_size_fsm_dispatcher,fsm.size.dispatcher,model_fsm_size,fieldservice.group_fsm_manager,1,1,1,1
access_fsm_location_size_fsm_user,fsm.location.size.user,model_fsm_location_size,fieldservice.group_fsm_user,1,0,0,0
access_fsm_location_size_fsm_dispatcher,fsm.location.size.dispatcher,model_fsm_location_size,fieldservice.group_fsm_dispatcher,1,1,1,1
