id,name,model_id:id,group_id:id,perm_read,perm_write,perm_create,perm_unlink
access_fsm_frequency_fsm_user,fsm.frequency.user,model_fsm_frequency,fieldservice.group_fsm_user,1,1,1,0
access_fsm_frequency_fsm_manager,fsm.frequency.manager,model_fsm_frequency,fieldservice.group_fsm_manager,1,1,1,1
access_fsm_frequency_fsm_set_user,fsm.frequency.set.user,model_fsm_frequency_set,fieldservice.group_fsm_user,1,1,1,0
access_fsm_frequency_fsm_set_manager,fsm.frequency.set.manager,model_fsm_frequency_set,fieldservice.group_fsm_manager,1,1,1,1
access_fsm_recurring_template_fsm_user,fsm.recurring.template.user,model_fsm_recurring_template,fieldservice.group_fsm_user,1,0,0,0
access_fsm_recurring_template_fsm_manager,fsm.recurring.template.manager,model_fsm_recurring_template,fieldservice.group_fsm_manager,1,1,1,1
access_fsm_recurring_fsm_user,fsm.recurring.user,model_fsm_recurring,fieldservice.group_fsm_user,1,1,1,0
access_fsm_recurring_fsm_manager,fsm.recurring.manager,model_fsm_recurring,fieldservice.group_fsm_manager,1,1,1,1
